Date,Close
2020/3/14,5417.30 
2020/3/13,5625.40 
2020/3/12,4927.00 
2020/3/11,7969.60 
2020/3/10,7913.80 
2020/3/9,7967.30 
2020/3/8,8074.00 
2020/3/7,8919.00 
2020/3/6,9180.60 
2020/3/5,9090.80 
2020/3/4,8788.58 
2020/3/3,8791.10 
2020/3/2,8938.10 
2020/3/1,8565.20 
2020/2/29,8557.30 
2020/2/28,8728.00 
2020/2/27,8825.80 
2020/2/26,8813.20 
2020/2/25,9327.53 
2020/2/24,9674.10 
2020/2/23,9985.00 
2020/2/22,9662.40 
2020/2/21,9693.46 
2020/2/20,9608.10 
2020/2/19,9592.20 
2020/2/18,10183.00 
2020/2/17,9708.00 
2020/2/16,9929.70 
2020/2/15,9901.00 
2020/2/14,10335.00 
2020/2/13,10222.00 
2020/2/12,10339.00 
2020/2/11,10247.00 
2020/2/10,9850.20 
2020/2/9,10151.00 
2020/2/8,9877.20 
2020/2/7,9805.20 
2020/2/6,9744.90 
2020/2/5,9612.00 
2020/2/4,9197.40 
2020/2/3,9309.30 
2020/2/2,9353.10 
2020/2/1,9410.60 
2020/1/31,9367.40 
2020/1/30,9512.70 
2020/1/29,9304.20 
2020/1/28,9393.70 
2020/1/27,8912.00 
2020/1/26,8621.60 
2020/1/25,8353.70 
2020/1/24,8447.10 
2020/1/23,8403.50 
2020/1/22,8663.90 
2020/1/21,8734.10 
2020/1/20,8638.20 
2020/1/19,8694.00 
2020/1/18,8891.50 
2020/1/17,8875.40 
2020/1/16,8720.60 
2020/1/15,8807.70 
2020/1/14,8775.60 
2020/1/13,8094.54 
2020/1/12,8174.70 
2020/1/11,8013.80 
2020/1/10,8176.30 
2020/1/9,7817.45 
2020/1/8,8036.80 
2020/1/7,8150.00 
2020/1/6,7757.90 
2020/1/5,7364.60 
2020/1/4,7369.83 
2020/1/3,7367.50 
2020/1/2,6989.40 
2020/1/1,7212.70 
2019/12/31,7208.30 
2019/12/30,7260.90 
2019/12/29,7417.90 
2019/12/28,7334.39 
2019/12/27,7286.96 
2019/12/26,7232.40 
2019/12/25,7220.07 
2019/12/24,7276.90 
2019/12/23,7347.40 
2019/12/22,7532.00 
2019/12/21,7166.40 
2019/12/20,7212.93 
2019/12/19,7181.80 
2019/12/18,7323.41 
2019/12/17,6667.10 
2019/12/16,6926.80 
2019/12/15,7152.70 
2019/12/14,7100.80 
2019/12/13,7283.15 
2019/12/12,7224.00 
2019/12/11,7230.72 
2019/12/10,7254.60 
2019/12/9,7379.52 
2019/12/8,7564.60 
2019/12/7,7543.20 
2019/12/6,7588.30 
2019/12/5,7440.00 
2019/12/4,7238.21 
2019/12/3,7336.02 
2019/12/2,7350.26 
2019/12/1,7450.10 
2019/11/30,7599.88 
2019/11/29,7796.60 
2019/11/28,7460.80 
2019/11/27,7549.30 
2019/11/26,7198.30 
2019/11/25,7168.00 
2019/11/24,6965.30 
2019/11/23,7352.60 
2019/11/22,7323.00 
2019/11/21,7671.10 
2019/11/20,8126.40 
2019/11/19,8164.90 
2019/11/18,8219.50 
2019/11/17,8537.30 
2019/11/16,8523.50 
2019/11/15,8495.83 
2019/11/14,8655.70 
2019/11/13,8801.10 
2019/11/12,8830.00 
2019/11/11,8737.71 
2019/11/10,9068.40 
2019/11/9,8828.05 
2019/11/8,8782.36 
2019/11/7,9208.00 
2019/11/6,9353.00 
2019/11/5,9333.90 
2019/11/4,9441.20 
2019/11/3,9222.40 
2019/11/2,9332.12 
2019/11/1,9289.10 
2019/10/31,9185.60 
2019/10/30,9184.30 
2019/10/29,9445.50 
2019/10/28,9225.70 
2019/10/27,9571.80 
2019/10/26,9270.90 
2019/10/25,8679.10 
2019/10/24,7453.00 
2019/10/23,7493.68 
2019/10/22,8058.90 
2019/10/21,8243.90 
2019/10/20,8260.60 
2019/10/19,7992.90 
2019/10/18,7987.20 
2019/10/17,8092.26 
2019/10/16,8016.00 
2019/10/15,8191.10 
2019/10/14,8370.00 
2019/10/13,8305.70 
2019/10/12,8318.29 
2019/10/11,8280.00 
2019/10/10,8596.00 
2019/10/9,8607.50 
2019/10/8,8211.16 
2019/10/7,8227.00 
2019/10/6,7883.09 
2019/10/5,8162.50 
2019/10/4,8170.00 
2019/10/3,8257.89 
2019/10/2,8413.40 
2019/10/1,8334.90 
2019/9/30,8331.13 
2019/9/29,8090.00 
2019/9/28,8238.60 
2019/9/27,8213.40 
2019/9/26,8103.60 
2019/9/25,8474.70 
2019/9/24,8547.90 
2019/9/23,9702.60 
2019/9/22,10052.00 
2019/9/21,10013.00 
2019/9/20,10197.99 
2019/9/19,10301.00 
2019/9/18,10185.00 
2019/9/17,10214.08 
2019/9/16,10295.00 
2019/9/15,10321.98 
2019/9/14,10379.00 
2019/9/13,10374.00 
2019/9/12,10452.00 
2019/9/11,10175.00 
2019/9/10,10122.00 
2019/9/9,10318.00 
2019/9/8,10415.00 
2019/9/7,10488.00 
2019/9/6,10317.00 
2019/9/5,10578.73 
2019/9/4,10590.00 
2019/9/3,10641.00 
2019/9/2,10388.00 
2019/9/1,9779.10 
2019/8/31,9623.90 
2019/8/30,9601.00 
2019/8/29,9509.00 
2019/8/28,9727.40 
2019/8/27,10184.00 
2019/8/26,10377.00 
2019/8/25,10132.00 
2019/8/24,10152.00 
2019/8/23,10408.00 
2019/8/22,10117.00 
2019/8/21,10146.00 
2019/8/20,10793.00 
2019/8/19,10937.00 
2019/8/18,10327.00 
2019/8/17,10228.00 
2019/8/16,10366.00 
2019/8/15,10327.00 
2019/8/14,10067.00 
2019/8/13,10904.01 
2019/8/12,11404.00 
2019/8/11,11586.00 
2019/8/10,11314.00 
2019/8/9,11893.00 
2019/8/8,12060.00 
2019/8/7,11997.00 
2019/8/6,11471.20 
2019/8/5,11808.00 
2019/8/4,10973.00 
2019/8/3,10822.00 
2019/8/2,10519.00 
2019/8/1,10399.01 
2019/7/31,10088.00 
2019/7/30,9589.00 
2019/7/29,9507.00 
2019/7/28,9519.00 
2019/7/27,9465.70 
2019/7/26,9842.50 
2019/7/25,9890.10 
2019/7/24,9771.00 
2019/7/23,9854.90 
2019/7/22,10329.00 
2019/7/21,10569.43 
2019/7/20,10740.00 
2019/7/19,10519.00 
2019/7/18,10622.00 
2019/7/17,9683.20 
2019/7/16,9410.00 
2019/7/15,10820.00 
2019/7/14,10206.84 
2019/7/13,11312.00 
2019/7/12,11765.00 
2019/7/11,11340.00 
2019/7/10,12093.00 
2019/7/9,12553.00 
2019/7/8,12301.00 
2019/7/7,11486.00 
2019/7/6,11283.00 
2019/7/5,10998.00 
2019/7/4,11169.00 
2019/7/3,11984.00 
2019/7/2,10866.00 
2019/7/1,10639.00 
2019/6/30,10745.00 
2019/6/29,11921.00 
2019/6/28,12349.00 
2019/6/27,11200.00 
2019/6/26,12876.00 
2019/6/25,11751.00 
2019/6/24,11053.00 
2019/6/23,10916.00 
2019/6/22,10747.95 
2019/6/21,10236.00 
2019/6/20,9557.10 
2019/6/19,9305.90 
2019/6/18,9095.90 
2019/6/17,9356.00 
2019/6/16,8985.99 
2019/6/15,8856.00 
2019/6/14,8689.10 
2019/6/13,8227.40 
2019/6/12,8175.40 
2019/6/11,7904.10 
2019/6/10,8013.67 
2019/6/9,7639.20 
2019/6/8,7924.60 
2019/6/7,7991.50 
2019/6/6,7805.60 
2019/6/5,7789.30 
2019/6/4,7692.81 
2019/6/3,8103.40 
2019/6/2,8740.00 
2019/6/1,8547.00 
2019/5/31,8533.30 
2019/5/30,8269.91 
2019/5/29,8680.90 
2019/5/28,8740.90 
2019/5/27,8806.00 
2019/5/26,8729.90 
2019/5/25,8054.90 
2019/5/24,7994.90 
2019/5/23,7872.40 
2019/5/22,7621.10 
2019/5/21,7937.00 
2019/5/20,7985.00 
2019/5/19,8189.50 
2019/5/18,7260.00 
2019/5/17,7415.40 
2019/5/16,7857.00 
2019/5/15,8132.90 
2019/5/14,7958.30 
2019/5/13,7753.20 
2019/5/12,6979.90 
2019/5/11,7136.40 
2019/5/10,6438.70 
2019/5/9,6258.40 
2019/5/8,6201.00 
2019/5/7,6087.90 
2019/5/6,6027.90 
2019/5/5,6042.00 
2019/5/4,6098.30 
2019/5/3,6016.00 
2019/5/2,5723.80 
2019/5/1,5629.60 
2019/4/30,5599.52 
2019/4/29,5480.10 
2019/4/28,5486.80 
2019/4/27,5401.80 
2019/4/26,5410.80 
2019/4/25,5219.00 
2019/4/24,5480.30 
2019/4/23,5550.90 
2019/4/22,5417.80 
2019/4/21,5321.90 
2019/4/20,5340.04 
2019/4/19,5314.00 
2019/4/18,5310.80 
2019/4/17,5254.50 
2019/4/16,5234.30 
2019/4/15,5049.23 
2019/4/14,5194.30 
2019/4/13,5101.80 
2019/4/12,5114.00 
2019/4/11,5065.80 
2019/4/10,5311.70 
2019/4/9,5216.30 
2019/4/8,5312.50 
2019/4/7,5238.10 
2019/4/6,5090.50 
2019/4/5,5080.40 
2019/4/4,4938.90 
2019/4/3,4978.00 
2019/4/2,4927.10 
2019/4/1,4196.80 
2019/3/31,4167.60 
2019/3/30,4165.10 
2019/3/29,4179.00 
2019/3/28,4092.57 
2019/3/27,4102.50 
2019/3/26,3991.70 
2019/3/25,3970.00 
2019/3/24,4041.40 
2019/3/23,4063.20 
2019/3/22,4045.30 
2019/3/21,4044.80 
2019/3/20,4127.16 
2019/3/19,4104.70 
2019/3/18,4073.50 
2019/3/17,4068.90 
2019/3/16,4087.99 
2019/3/15,4003.13 
2019/3/14,3948.30 
2019/3/13,3947.90 
2019/3/12,3954.10 
2019/3/11,3949.00 
2019/3/10,4000.00 
2019/3/9,4017.33 
2019/3/8,3940.50 
2019/3/7,3964.70 
2019/3/6,3951.40 
2019/3/5,3951.60 
2019/3/4,3800.00 
2019/3/3,3884.80 
2019/3/2,3913.00 
2019/3/1,3914.00 
2019/2/28,3894.00 
2019/2/27,3902.70 
2019/2/26,3896.80 
2019/2/25,3921.80 
2019/2/24,3832.00 
2019/2/23,4211.70 
2019/2/22,4058.30 
2019/2/21,4008.80 
2019/2/20,4055.00 
2019/2/19,3989.90 
2019/2/18,3978.10 
2019/2/17,3734.50 
2019/2/16,3676.45 
2019/2/15,3670.00 
2019/2/14,3656.70 
2019/2/13,3666.10 
2019/2/12,3694.20 
2019/2/11,3681.08 
2019/2/10,3746.30 
2019/2/9,3718.40 
2019/2/8,3724.00 
2019/2/7,3436.10 
2019/2/6,3452.00 
2019/2/5,3512.60 
2019/2/4,3490.47 
2019/2/3,3501.70 
2019/2/2,3564.30 
2019/2/1,3536.20 
2019/1/31,3501.10 
2019/1/30,3529.60 
2019/1/29,3477.90 
2019/1/28,3501.89 
2019/1/27,3597.10 
2019/1/26,3630.70 
2019/1/25,3628.90 
2019/1/24,3652.60 
2019/1/23,3619.91 
2019/1/22,3639.10 
2019/1/21,3579.40 
2019/1/20,3586.10 
2019/1/19,3762.30 
2019/1/18,3675.70 
2019/1/17,3723.00 
2019/1/16,3671.20 
2019/1/15,3656.50 
2019/1/14,3749.30 
2019/1/13,3591.00 
2019/1/12,3702.00 
2019/1/11,3716.10 
2019/1/10,3712.80 
2019/1/9,4083.20 
2019/1/8,4100.00 
2019/1/7,4113.90 
2019/1/6,4171.50 
2019/1/5,3911.00 
2019/1/4,3954.90 
2019/1/3,3923.20 
2019/1/2,4048.50 
2019/1/1,3963.05 
2018/12/31,3830.50 
2018/12/30,3978.30 
2018/12/29,3887.00 
2018/12/28,4036.70 
2018/12/27,3714.70 
2018/12/26,3929.80 
2018/12/25,3909.70 
2018/12/24,4145.20 
2018/12/23,4075.70 
2018/12/22,4135.00 
2018/12/21,3976.10 
2018/12/20,4214.50 
2018/12/19,3810.00 
2018/12/18,3780.10 
2018/12/17,3625.10 
2018/12/16,3299.90 
2018/12/15,3285.10 
2018/12/14,3282.80 
2018/12/13,3354.40 
2018/12/12,3535.60 
2018/12/11,3435.29 
2018/12/10,3524.90 
2018/12/9,3639.60 
2018/12/8,3506.00 
2018/12/7,3460.00 
2018/12/6,3531.30 
2018/12/5,3765.30 
2018/12/4,3981.90 
2018/12/3,3901.20 
2018/12/2,4159.70 
2018/12/1,4243.00 
2018/11/30,4038.30 
2018/11/29,4312.90 
2018/11/28,4306.34 
2018/11/27,3884.40 
2018/11/26,3858.00 
2018/11/25,4087.80 
2018/11/24,3929.80 
2018/11/23,4422.70 
2018/11/22,4392.40 
2018/11/21,4666.60 
2018/11/20,4600.10 
2018/11/19,4938.10 
2018/11/18,5659.40 
2018/11/17,5626.70 
2018/11/16,5660.50 
2018/11/15,5753.40 
2018/11/14,5884.60 
2018/11/13,6464.40 
2018/11/12,6446.90 
2018/11/11,6450.00 
2018/11/10,6431.10 
2018/11/9,6420.20 
2018/11/8,6479.60 
2018/11/7,6572.70 
2018/11/6,6515.20 
2018/11/5,6470.10 
2018/11/4,6485.20 
2018/11/3,6387.88 
2018/11/2,6426.90 
2018/11/1,6399.70 
2018/10/31,6368.39 
2018/10/30,6330.10 
2018/10/29,6344.00 
2018/10/28,6490.10 
2018/10/27,6500.20 
2018/10/26,6531.50 
2018/10/25,6528.10 
2018/10/24,6554.10 
2018/10/23,6550.00 
2018/10/22,6567.22 
2018/10/21,6591.60 
2018/10/20,6586.70 
2018/10/19,6527.30 
2018/10/18,6613.00 
2018/10/17,6737.10 
2018/10/16,6754.10 
2018/10/15,6742.00 
2018/10/14,6335.20 
2018/10/13,6326.50 
2018/10/12,6293.20 
2018/10/11,6252.00 
2018/10/10,6630.20 
2018/10/9,6663.00 
2018/10/8,6673.20 
2018/10/7,6601.00 
2018/10/6,6592.00 
2018/10/5,6644.70 
2018/10/4,6580.08 
2018/10/3,6503.20 
2018/10/2,6533.30 
2018/10/1,6601.90 
2018/9/30,6618.10 
2018/9/29,6604.60 
2018/9/28,6635.10 
2018/9/27,6692.50 
2018/9/26,6462.39 
2018/9/25,6434.70 
2018/9/24,6585.00 
2018/9/23,6710.00 
2018/9/22,6723.00 
2018/9/21,6762.70 
2018/9/20,6500.49 
2018/9/19,6390.90 
2018/9/18,6342.76 
2018/9/17,6254.20 
2018/9/16,6498.50 
2018/9/15,6513.60 
2018/9/14,6485.00 
2018/9/13,6475.60 
2018/9/12,6332.00 
2018/9/11,6290.80 
2018/9/10,6308.00 
2018/9/9,6239.90 
2018/9/8,6185.00 
2018/9/7,6404.10 
2018/9/6,6515.60 
2018/9/5,6710.50 
2018/9/4,7358.90 
2018/9/3,7268.00 
2018/9/2,7290.40 
2018/9/1,7197.47 
2018/8/31,7025.90 
2018/8/30,6994.70 
2018/8/29,7045.70 
2018/8/28,7079.70 
2018/8/27,6909.50 
2018/8/26,6708.43 
2018/8/25,6732.90 
2018/8/24,6695.90 
2018/8/23,6527.20 
2018/8/22,6354.90 
2018/8/21,6479.10 
2018/8/20,6255.90 
2018/8/19,6485.13 
2018/8/18,6391.20 
2018/8/17,6583.30 
2018/8/16,6314.00 
2018/8/15,6270.10 
2018/8/14,6189.00 
2018/8/13,6251.90 
2018/8/12,6313.90 
2018/8/11,6232.70 
2018/8/10,6146.80 
2018/8/9,6529.10 
2018/8/8,6279.20 
2018/8/7,6720.50 
2018/8/6,6941.30 
2018/8/5,7025.80 
2018/8/4,7013.22 
2018/8/3,7420.00 
2018/8/2,7535.20 
2018/8/1,7608.80 
2018/7/31,7730.60 
2018/7/30,8179.60 
2018/7/29,8221.00 
2018/7/28,8246.40 
2018/7/27,8185.70 
2018/7/26,7939.00 
2018/7/25,8176.00 
2018/7/24,8394.50 
2018/7/23,7719.80 
2018/7/22,7400.50 
2018/7/21,7403.30 
2018/7/20,7333.10 
2018/7/19,7473.50 
2018/7/18,7379.40 
2018/7/17,7319.80 
2018/7/16,6729.20 
2018/7/15,6347.20 
2018/7/14,6250.10 
2018/7/13,6220.00 
2018/7/12,6249.00 
2018/7/11,6377.80 
2018/7/10,6301.50 
2018/7/9,6666.70 
2018/7/8,6707.00 
2018/7/7,6761.70 
2018/7/6,6602.10 
2018/7/5,6540.20 
2018/7/4,6590.00 
2018/7/3,6500.00 
2018/7/2,6581.30 
2018/7/1,6349.70 
2018/6/30,6391.50 
2018/6/29,6208.10 
2018/6/28,5850.00 
2018/6/27,6133.09 
2018/6/26,6078.50 
2018/6/25,6246.60 
2018/6/24,6148.04 
2018/6/23,6152.00 
2018/6/22,6042.60 
2018/6/21,6713.50 
2018/6/20,6760.40 
2018/6/19,6737.50 
2018/6/18,6709.20 
2018/6/17,6435.70 
2018/6/16,6485.90 
2018/6/15,6385.00 
2018/6/14,6633.70 
2018/6/13,6295.20 
2018/6/12,6543.90 
2018/6/11,6873.30 
2018/6/10,6757.30 
2018/6/9,7498.60 
2018/6/8,7615.10 
2018/6/7,7688.90 
2018/6/6,7654.00 
2018/6/5,7621.70 
2018/6/4,7488.30 
2018/6/3,7718.02 
2018/6/2,7638.10 
2018/6/1,7521.00 
2018/5/31,7485.80 
2018/5/30,7375.12 
2018/5/29,7460.00 
2018/5/28,7097.90 
2018/5/27,7339.70 
2018/5/26,7330.30 
2018/5/25,7458.00 
2018/5/24,7576.70 
2018/5/23,7494.80 
2018/5/22,7977.30 
2018/5/21,8393.40 
2018/5/20,8523.70 
2018/5/19,8232.30 
2018/5/18,8239.00 
2018/5/17,8051.80 
2018/5/16,8336.10 
2018/5/15,8467.50 
2018/5/14,8670.80 
2018/5/13,8683.60 
2018/5/12,8462.70 
2018/5/11,8412.40 
2018/5/10,9018.70 
2018/5/9,9318.20 
2018/5/8,9184.70 
2018/5/7,9370.00 
2018/5/6,9658.70 
2018/5/5,9859.60 
2018/5/4,9702.80 
2018/5/3,9762.10 
2018/5/2,9236.40 
2018/5/1,9067.00 
2018/4/30,9240.00 
2018/4/29,9398.60 
2018/4/28,9345.30 
2018/4/27,8920.10 
2018/4/26,9279.30 
2018/4/25,8878.40 
2018/4/24,9644.40 
2018/4/23,8940.00 
2018/4/22,8800.00 
2018/4/21,8919.10 
2018/4/20,8866.10 
2018/4/19,8272.80 
2018/4/18,8166.30 
2018/4/17,7889.90 
2018/4/16,8056.20 
2018/4/15,8354.10 
2018/4/14,8002.90 
2018/4/13,7885.80 
2018/4/12,7912.00 
2018/4/11,6943.10 
2018/4/10,6839.30 
2018/4/9,6764.60 
2018/4/8,7023.90 
2018/4/7,6892.60 
2018/4/6,6610.20 
2018/4/5,6765.00 
2018/4/4,6785.90 
2018/4/3,7405.60 
2018/4/2,7052.70 
2018/4/1,6810.00 
2018/3/31,6925.30 
2018/3/30,6840.40 
2018/3/29,7094.00 
2018/3/28,7936.10 
2018/3/27,7784.50 
2018/3/26,8119.10 
2018/3/25,8445.10 
2018/3/24,8535.00 
2018/3/23,8908.00 
2018/3/22,8706.44 
2018/3/21,8900.10 
2018/3/20,8899.70 
2018/3/19,8600.10 
2018/3/18,8200.20 
2018/3/17,7851.00 
2018/3/16,8251.00 
2018/3/15,8252.90 
2018/3/14,8186.60 
2018/3/13,9135.00 
2018/3/12,9121.00 
2018/3/11,9528.00 
2018/3/10,8762.00 
2018/3/9,9217.00 
2018/3/8,9300.00 
2018/3/7,9902.90 
2018/3/6,10720.00 
2018/3/5,11416.00 
2018/3/4,11501.00 
2018/3/3,11440.00 
2018/3/2,11025.00 
2018/3/1,10925.00 
2018/2/28,10315.00 
2018/2/27,10569.00 
2018/2/26,10321.00 
2018/2/25,9557.40 
2018/2/24,9666.30 
2018/2/23,10145.00 
2018/2/22,9830.00 
2018/2/21,10455.00 
2018/2/20,11218.00 
2018/2/19,11173.00 
2018/2/18,10372.00 
2018/2/17,11053.46 
2018/2/16,10162.00 
2018/2/15,9996.90 
2018/2/14,9455.40 
2018/2/13,8515.90 
2018/2/12,8900.60 
2018/2/11,8069.00 
2018/2/10,8563.10 
2018/2/9,8683.20 
2018/2/8,8235.10 
2018/2/7,7587.00 
2018/2/6,7673.80 
2018/2/5,6949.90 
2018/2/4,8200.00 
2018/2/3,9219.40 
2018/2/2,8895.80 
2018/2/1,9181.10 
2018/1/31,10284.00 
2018/1/30,10175.00 
2018/1/29,11212.00 
2018/1/28,11839.00 
2018/1/27,11461.00 
2018/1/26,11070.00 
2018/1/25,11146.00 
2018/1/24,11414.00 
2018/1/23,10819.00 
2018/1/22,10771.00 
2018/1/21,11514.00 
2018/1/20,12728.00 
2018/1/19,11476.00 
2018/1/18,11045.00 
2018/1/17,11082.00 
2018/1/16,11072.00 
2018/1/15,13575.00 
2018/1/14,13558.00 
2018/1/13,14191.00 
2018/1/12,13783.00 
2018/1/11,13266.00 
2018/1/10,14896.00 
2018/1/9,14423.00 
2018/1/8,14930.00 
2018/1/7,16196.00 
2018/1/6,17161.00 
2018/1/5,16917.00 
2018/1/4,15160.00 
2018/1/3,15155.00 
2018/1/2,14709.82 
2018/1/1,13354.00 
2017/12/31,13800.00 
2017/12/30,12377.00 
2017/12/29,14317.00 
2017/12/28,14315.00 
2017/12/27,15374.00 
2017/12/26,15679.00 
2017/12/25,13623.00 
2017/12/24,13476.00 
2017/12/23,14035.00 
2017/12/22,13170.00 
2017/12/21,15666.83 
2017/12/20,16425.00 
2017/12/19,17345.00 
2017/12/18,18934.00 
2017/12/17,18971.00 
2017/12/16,19187.00 
2017/12/15,17522.00 
2017/12/14,16383.00 
2017/12/13,16181.00 
2017/12/12,16967.00 
2017/12/11,16754.00 
2017/12/10,14997.00 
2017/12/9,14660.00 
2017/12/8,15869.00 
2017/12/7,16601.00 
2017/12/6,13527.00 
2017/12/5,11595.00 
2017/12/4,11595.00 
2017/12/3,11157.00 
2017/12/2,10881.00 
2017/12/1,10869.00 
2017/11/30,9907.00 
2017/11/29,9749.40 
2017/11/28,9898.00 
2017/11/27,9728.80 
2017/11/26,9316.00 
2017/11/25,8766.20 
2017/11/24,8191.60 
2017/11/23,7977.10 
2017/11/22,8230.10 
2017/11/21,8097.30 
2017/11/20,8245.10 
2017/11/19,8054.20 
2017/11/18,7773.30 
2017/11/17,7677.90 
2017/11/16,7864.20 
2017/11/15,7278.30 
2017/11/14,6579.20 
2017/11/13,6474.60 
2017/11/12,5822.10 
2017/11/11,6300.70 
2017/11/10,6542.20 
2017/11/9,7126.20 
2017/11/8,7442.40 
2017/11/7,7103.30 
2017/11/6,6955.00 
2017/11/5,7382.00 
2017/11/4,7369.00 
2017/11/3,7278.40 
2017/11/2,7019.90 
2017/11/1,6727.30 
2017/10/31,6458.30 
2017/10/30,6125.30 
2017/10/29,6156.00 
2017/10/28,5720.60 
2017/10/27,5759.60 
2017/10/26,5890.00 
2017/10/25,5720.00 
2017/10/24,5509.50 
2017/10/23,5906.90 
2017/10/22,5980.50 
2017/10/21,6005.10 
2017/10/20,5984.50 
2017/10/19,5694.00 
2017/10/18,5565.00 
2017/10/17,5597.10 
2017/10/16,5764.40 
2017/10/15,5698.60 
2017/10/14,5835.00 
2017/10/13,5636.80 
2017/10/12,5428.50 
2017/10/11,4824.90 
2017/10/10,4777.00 
2017/10/9,4782.30 
2017/10/8,4613.10 
2017/10/7,4436.00 
2017/10/6,4371.00 
2017/10/5,4315.40 
2017/10/4,4215.10 
2017/10/3,4311.10 
2017/10/2,4400.10 
2017/10/1,4404.30 
2017/9/30,4367.00 
2017/9/29,4169.90 
2017/9/28,4190.00 
2017/9/27,4205.40 
2017/9/26,3879.10 
2017/9/25,3930.00 
2017/9/24,3652.80 
2017/9/23,3779.60 
2017/9/22,3598.50 
2017/9/21,3603.40 
2017/9/20,3873.20 
2017/9/19,3900.00 
2017/9/18,4084.10 
2017/9/17,3666.30 
2017/9/16,3685.40 
2017/9/15,3698.00 
2017/9/14,3238.10 
2017/9/13,3849.70 
2017/9/12,4142.90 
2017/9/11,4203.00 
2017/9/10,4232.10 
2017/9/9,4317.90 
2017/9/8,4305.80 
2017/9/7,4613.50 
2017/9/6,4589.10 
2017/9/5,4374.90 
2017/9/4,4200.40 
2017/9/3,4595.00 
2017/9/2,4534.40 
2017/9/1,4904.90 
2017/8/31,4718.20 
2017/8/30,4569.00 
2017/8/29,4587.10 
2017/8/28,4383.80 
2017/8/27,4331.80 
2017/8/26,4341.70 
2017/8/25,4351.50 
2017/8/24,4325.20 
2017/8/23,4129.10 
2017/8/22,4074.00 
2017/8/21,4002.50 
2017/8/20,4064.30 
2017/8/19,4145.10 
2017/8/18,4090.20 
2017/8/17,4260.00 
2017/8/16,4386.30 
2017/8/15,4151.90 
2017/8/14,4319.50 
2017/8/13,4053.30 
2017/8/12,3865.50 
2017/8/11,3644.10 
2017/8/10,3407.90 
2017/8/9,3339.90 
2017/8/8,3415.00 
2017/8/7,3396.70 
2017/8/6,3227.90 
2017/8/5,3256.40 
2017/8/4,2860.00 
2017/8/3,2790.30 
2017/8/2,2702.00 
2017/8/1,2731.20 
2017/7/31,2856.00 
2017/7/30,2749.00 
2017/7/29,2714.10 
2017/7/28,2784.80 
2017/7/27,2664.90 
2017/7/26,2525.70 
2017/7/25,2560.90 
2017/7/24,2769.70 
2017/7/23,2747.50 
2017/7/22,2845.70 
2017/7/21,2664.00 
2017/7/20,2856.30 
2017/7/19,2253.10 
2017/7/18,2302.10 
2017/7/17,2219.00 
2017/7/16,1924.90 
2017/7/15,1978.60 
2017/7/14,2205.10 
2017/7/13,2329.00 
2017/7/12,2374.40 
2017/7/11,2282.10 
2017/7/10,2318.30 
2017/7/9,2478.00 
2017/7/8,2542.00 
2017/7/7,2479.30 
2017/7/6,2593.10 
2017/7/5,2598.50 
2017/7/4,2582.60 
2017/7/3,2524.00 
2017/7/2,2445.00 
2017/7/1,2349.50 
2017/6/30,2420.70 
2017/6/29,2470.10 
2017/6/28,2518.20 
2017/6/27,2521.20 
2017/6/26,2394.60 
2017/6/25,2477.70 
2017/6/24,2502.60 
2017/6/23,2674.90 
2017/6/22,2672.80 
2017/6/21,2621.20 
2017/6/20,2712.20 
2017/6/19,2580.80 
2017/6/18,2491.50 
2017/6/17,2610.00 
2017/6/16,2437.00 
2017/6/15,2377.40 
2017/6/14,2395.04 
2017/6/13,2676.40 
2017/6/12,2571.80 
2017/6/11,2936.30 
2017/6/10,2806.00 
2017/6/9,2809.00 
2017/6/8,2782.10 
2017/6/7,2642.63 
2017/6/6,2843.60 
2017/6/5,2636.20 
2017/6/4,2488.20 
2017/6/3,2461.00 
2017/6/2,2405.88 
2017/6/1,2311.60 
2017/5/31,2191.83 
2017/5/30,2146.70 
2017/5/29,2207.40 
2017/5/28,2056.60 
2017/5/27,1972.30 
2017/5/26,2127.30 
2017/5/25,2252.00 
2017/5/24,2394.80 
2017/5/23,2249.30 
2017/5/22,2085.50 
2017/5/21,2029.20 
2017/5/20,2059.70 
2017/5/19,1966.50 
2017/5/18,1941.50 
2017/5/17,1870.00 
2017/5/16,1785.70 
2017/5/15,1772.50 
2017/5/14,1828.10 
2017/5/13,1820.40 
2017/5/12,1735.00 
2017/5/11,1853.90 
2017/5/10,1796.80 
2017/5/9,1760.00 
2017/5/8,1703.20 
2017/5/7,1619.90 
2017/5/6,1597.10 
2017/5/5,1545.10 
2017/5/4,1607.10 
2017/5/3,1617.80 
2017/5/2,1560.00 
2017/5/1,1533.10 
2017/4/30,1435.20 
2017/4/29,1423.60 
2017/4/28,1415.60 
2017/4/27,1440.30 
2017/4/26,1399.30 
2017/4/25,1370.30 
2017/4/24,1345.00 
2017/4/23,1355.20 
2017/4/22,1347.50 
2017/4/21,1325.60 
2017/4/20,1308.40 
2017/4/19,1260.50 
2017/4/18,1265.40 
2017/4/17,1240.00 
2017/4/16,1212.00 
2017/4/15,1193.30 
2017/4/14,1206.80 
2017/4/13,1187.00 
2017/4/12,1227.40 
2017/4/11,1235.60 
2017/4/10,1220.30 
2017/4/9,1215.90 
2017/4/8,1188.10 
2017/4/7,1196.60 
2017/4/6,1191.50 
2017/4/5,1140.60 
2017/4/4,1145.00 
2017/4/3,1150.20 
2017/4/2,1107.60 
2017/4/1,1093.20 
2017/3/31,1081.70 
2017/3/30,1041.00 
2017/3/29,1041.80 
2017/3/28,1044.70 
2017/3/27,1042.70 
2017/3/26,969.00 
2017/3/25,972.17 
2017/3/24,943.10 
2017/3/23,1033.00 
2017/3/22,1039.10 
2017/3/21,1115.00 
2017/3/20,1039.00 
2017/3/19,1016.10 
2017/3/18,971.00 
2017/3/17,1068.40 
2017/3/16,1169.00 
2017/3/15,1256.10 
2017/3/14,1245.00 
2017/3/13,1238.50 
2017/3/12,1225.20 
2017/3/11,1172.80 
2017/3/10,1113.60 
2017/3/9,1190.40 
2017/3/8,1149.30 
2017/3/7,1232.40 
2017/3/6,1279.30 
2017/3/5,1278.40 
2017/3/4,1267.80 
2017/3/3,1288.20 
2017/3/2,1262.30 
2017/3/1,1232.80 
2017/2/28,1189.10 
2017/2/27,1195.50 
2017/2/26,1178.30 
2017/2/25,1153.00 
2017/2/24,1185.10 
2017/2/23,1190.90 
2017/2/22,1125.30 
2017/2/21,1129.60 
2017/2/20,1091.20 
2017/2/19,1056.20 
2017/2/18,1059.80 
2017/2/17,1056.20 
2017/2/16,1038.40 
2017/2/15,1013.80 
2017/2/14,1013.70 
2017/2/13,996.50 
2017/2/12,996.01 
2017/2/11,1000.30 
2017/2/10,992.00 
2017/2/9,984.97 
2017/2/8,1048.80 
2017/2/7,1052.10 
2017/2/6,1022.60 
2017/2/5,1006.60 
2017/2/4,1031.10 
2017/2/3,1015.70 
2017/2/2,1005.70 
2017/2/1,983.73 
2017/1/31,966.19 
2017/1/30,917.36 
2017/1/29,912.56 
2017/1/28,919.43 
2017/1/27,916.70 
2017/1/26,915.12 
2017/1/25,893.35 
2017/1/24,886.10 
2017/1/23,910.03 
2017/1/22,923.72 
2017/1/21,924.02 
2017/1/20,895.96 
2017/1/19,900.29 
2017/1/18,887.76 
2017/1/17,903.99 
2017/1/16,830.10 
2017/1/15,820.74 
2017/1/14,815.30 
2017/1/13,828.12 
2017/1/12,804.58 
2017/1/11,778.58 
2017/1/10,905.76 
2017/1/9,903.00 
2017/1/8,915.90 
2017/1/7,908.84 
2017/1/6,898.00 
2017/1/5,1003.20 
2017/1/4,1139.60 
2017/1/3,1037.50 
2017/1/2,1019.30 
2017/1/1,998.99 
2016/12/31,966.58 
2016/12/30,959.26 
2016/12/29,972.63 
2016/12/28,981.70 
2016/12/27,936.32 
2016/12/26,906.40 
2016/12/25,897.99 
2016/12/24,895.24 
2016/12/23,918.99 
2016/12/22,859.20 
2016/12/21,829.99 
2016/12/20,797.99 
2016/12/19,790.59 
2016/12/18,790.21 
2016/12/17,790.99 
2016/12/16,784.17 
2016/12/15,777.43 
2016/12/14,774.49 
2016/12/13,775.00 
2016/12/12,777.99 
2016/12/11,770.21 
2016/12/10,772.90 
2016/12/9,770.50 
2016/12/8,765.01 
2016/12/7,765.01 
2016/12/6,757.36 
2016/12/5,750.62 
2016/12/4,768.50 
2016/12/3,765.27 
2016/12/2,774.91 
2016/12/1,755.36 
2016/11/30,739.00 
2016/11/29,731.05 
2016/11/28,731.52 
2016/11/27,724.99 
2016/11/26,731.19 
2016/11/25,740.36 
2016/11/24,737.68 
2016/11/23,741.99 
2016/11/22,750.05 
2016/11/21,738.99 
2016/11/20,729.67 
2016/11/19,752.90 
2016/11/18,753.97 
2016/11/17,740.67 
2016/11/16,744.99 
2016/11/15,712.17 
2016/11/14,707.43 
2016/10/31,704.09 
2016/10/30,702.55 
2016/10/29,714.51 
2016/10/28,693.47 
2016/10/27,688.67 
2016/10/26,678.70 
2016/10/25,659.52 
2016/10/24,654.65 
2016/10/23,659.03 
2016/10/22,664.99 
2016/10/21,636.73 
2016/10/20,632.46 
2016/10/19,631.77 
2016/10/18,638.80 
2016/10/17,639.79 
2016/10/16,644.17 
2016/10/15,640.20 
2016/10/14,643.00 
2016/10/13,637.01 
2016/10/12,637.63 
2016/10/11,641.74 
2016/10/10,618.87 
2016/10/9,616.56 
2016/10/8,620.50 
2016/10/7,620.13 
2016/10/6,613.51 
2016/10/5,614.09 
2016/10/4,610.98 
2016/10/3,612.57 
2016/10/2,609.09 
2016/10/1,614.09 
2016/9/30,611.10 
2016/9/29,604.60 
2016/9/28,603.76 
2016/9/27,605.53 
2016/9/26,609.14 
2016/9/25,600.36 
2016/9/24,602.55 
2016/9/23,603.29 
2016/9/22,597.08 
2016/9/21,597.43 
2016/9/20,600.05 
2016/9/19,609.79 
2016/9/18,613.03 
2016/9/17,607.69 
2016/9/16,610.01 
2016/9/15,611.81 
2016/9/14,613.88 
2016/9/13,614.23 
2016/9/12,611.62 
2016/9/11,612.08 
2016/9/10,628.00 
2016/9/9,626.25 
2016/9/8,631.73 
2016/9/7,619.75 
2016/9/6,615.23 
2016/9/5,611.50 
2016/9/4,614.52 
2016/9/3,609.89 
2016/9/2,579.85 
2016/9/1,572.73 
2016/8/31,576.15 
2016/8/30,579.49 
2016/8/29,574.78 
2016/8/28,574.17 
2016/8/27,568.55 
2016/8/26,578.01 
2016/8/25,577.20 
2016/8/24,580.32 
2016/8/23,583.54 
2016/8/22,588.01 
2016/8/21,581.42 
2016/8/20,582.01 
2016/8/19,573.50 
2016/8/18,572.21 
2016/8/17,571.83 
2016/8/16,574.24 
2016/8/15,564.64 
2016/8/14,569.44 
2016/8/13,583.73 
2016/8/12,585.50 
2016/8/11,591.27 
2016/8/10,590.28 
2016/8/9,604.10 
2016/8/8,604.10 
2016/8/7,604.10 
2016/8/6,604.10 
2016/8/5,604.10 
2016/8/4,604.10 
2016/8/3,604.10 
2016/8/2,604.00 
2016/8/1,607.99 
2016/7/31,623.67 
2016/7/30,654.99 
2016/7/29,658.34 
2016/7/27,654.51 
2016/7/26,648.47 
2016/7/25,654.17 
2016/7/24,661.82 
2016/7/23,654.03 
2016/7/22,648.04 
2016/7/21,665.01 
2016/7/20,665.85 
2016/7/19,675.00 
2016/7/18,674.30 
2016/7/17,683.20 
2016/7/16,665.33 
2016/7/15,665.50 
2016/7/14,659.78 
2016/7/13,653.70 
2016/7/12,667.19 
2016/7/11,647.95 
2016/7/10,649.72 
2016/7/9,648.11 
2016/7/8,664.80 
2016/7/7,640.51 
2016/7/6,677.04 
2016/7/5,667.76 
2016/7/4,681.34 
2016/7/3,659.29 
2016/7/2,705.04 
2016/7/1,674.75 
2016/6/30,674.74 
2016/6/29,639.68 
2016/6/28,646.30 
2016/6/27,662.20 
2016/6/26,627.42 
2016/6/25,664.87 
2016/6/24,666.05 
2016/6/23,625.80 
2016/6/22,606.02 
2016/6/21,668.88 
2016/6/20,743.90 
2016/6/19,767.30 
2016/6/18,757.60 
2016/6/17,748.66 
2016/6/16,769.45 
2016/6/15,696.88 
2016/6/14,684.51 
2016/6/13,705.88 
2016/6/12,671.00 
2016/6/11,614.52 
2016/6/10,580.08 
2016/6/9,575.52 
2016/6/8,583.05 
2016/6/7,576.88 
2016/6/6,585.22 
2016/6/5,574.00 
2016/6/4,572.67 
2016/6/3,570.87 
2016/6/2,538.80 
2016/6/1,536.79 
2016/5/31,530.69 
2016/5/30,532.89 
2016/5/29,531.00 
2016/5/28,527.01 
2016/5/27,472.03 
2016/5/26,453.95 
2016/5/25,449.06 
2016/5/24,445.03 
2016/5/23,443.66 
2016/5/22,437.48 
2016/5/21,440.81 
2016/5/20,441.57 
2016/5/19,435.00 
2016/5/18,453.51 
2016/5/17,453.24 
2016/5/16,453.00 
2016/5/15,457.89 
2016/5/14,455.80 
2016/5/13,455.77 
2016/5/12,455.00 
2016/5/11,452.28 
2016/5/10,450.70 
2016/5/9,461.56 
2016/5/8,459.87 
2016/5/7,460.20 
2016/5/6,461.18 
2016/5/5,448.40 
2016/5/4,447.38 
2016/5/3,450.39 
2016/5/2,443.73 
2016/5/1,451.11 
2016/4/30,446.60 
2016/4/29,455.32 
2016/4/28,450.46 
2016/4/27,445.09 
2016/4/26,468.14 
2016/4/25,461.77 
2016/4/24,463.01 
2016/4/23,453.69 
2016/4/22,447.80 
2016/4/21,452.03 
2016/4/20,443.95 
2016/4/19,437.76 
2016/4/18,430.04 
2016/4/17,428.51 
2016/4/16,432.04 
2016/4/15,431.48 
2016/4/14,426.01 
2016/4/13,424.75 
2016/4/12,426.59 
2016/4/11,423.74 
2016/4/10,421.32 
2016/4/9,418.47 
2016/4/8,418.50 
2016/4/7,422.28 
2016/4/6,422.57 
2016/4/5,423.75 
2016/4/4,420.46 
2016/4/3,420.60 
2016/4/2,420.30 
2016/4/1,417.56 
2016/3/31,416.02 
2016/3/30,413.20 
2016/3/29,415.81 
2016/3/28,424.06 
2016/3/27,427.37 
2016/3/26,416.71 
2016/3/25,416.00 
2016/3/24,415.30 
2016/3/23,418.12 
2016/3/22,417.69 
2016/3/21,411.88 
2016/3/20,411.25 
2016/3/19,408.41 
2016/3/18,407.70 
2016/3/17,418.75 
2016/3/16,417.28 
2016/3/15,415.50 
2016/3/14,415.99 
2016/3/13,411.82 
2016/3/12,410.01 
2016/3/11,420.49 
2016/3/10,416.51 
2016/3/9,412.94 
2016/3/8,411.35 
2016/3/7,412.70 
2016/3/6,403.91 
2016/3/5,397.36 
2016/3/4,408.82 
2016/3/3,420.56 
2016/3/2,422.22 
2016/3/1,434.82 
2016/2/29,439.16 
2016/2/28,434.47 
2016/2/27,434.21 
2016/2/26,435.31 
2016/2/25,424.88 
2016/2/24,426.36 
2016/2/23,421.13 
2016/2/22,440.27 
2016/2/21,440.48 
2016/2/20,438.70 
2016/2/19,419.99 
2016/2/18,421.50 
2016/2/17,414.86 
2016/2/16,407.27 
2016/2/15,399.90 
2016/2/14,408.30 
2016/2/13,392.99 
2016/2/12,382.98 
2016/2/11,378.00 
2016/2/10,380.89 
2016/2/9,373.97 
2016/2/8,370.49 
2016/2/7,372.01 
2016/2/6,373.75 
2016/2/5,386.54 
2016/2/4,389.80 
2016/2/3,368.98 
2016/2/2,372.90 
2016/2/1,371.42 
2016/1/31,365.50 
2016/1/30,376.96 
2016/1/29,377.63 
2016/1/28,378.39 
2016/1/27,394.97 
2016/1/26,391.32 
2016/1/25,390.98 
2016/1/24,402.77 
2016/1/23,385.57 
2016/1/22,380.96 
2016/1/21,411.00 
2016/1/20,419.41 
2016/1/19,378.96 
2016/1/18,387.04 
2016/1/17,382.07 
2016/1/16,388.42 
2016/1/15,358.85 
2016/1/14,429.25 
2016/1/13,431.08 
2016/1/12,432.05 
2016/1/11,449.26 
2016/1/10,449.35 
2016/1/9,449.23 
2016/1/8,454.00 
2016/1/7,459.05 
2016/1/6,427.99 
2016/1/5,431.84 
2016/1/4,432.90 
2016/1/3,428.66 
2016/1/2,432.70 
2016/1/1,433.98 
2015/12/31,429.02 
2015/12/30,424.70 
2015/12/29,431.85 
2015/12/28,420.24 
2015/12/27,422.37 
2015/12/26,416.51 
2015/12/25,455.47 
2015/12/24,456.13 
2015/12/23,442.62 
2015/12/22,435.65 
2015/12/21,437.93 
2015/12/20,442.62 
2015/12/19,462.46 
2015/12/18,463.52 
2015/12/17,455.84 
2015/12/16,454.95 
2015/12/15,466.50 
2015/12/14,442.59 
2015/12/13,433.00 
2015/12/12,435.67 
2015/12/11,456.28 
2015/12/10,414.94 
2015/12/9,418.73 
2015/12/8,420.78 
2015/12/7,396.70 
2015/12/6,390.60 
2015/12/5,390.00 
2015/12/4,363.17 
2015/12/3,360.73 
2015/12/2,359.14 
2015/12/1,362.68 
2015/11/30,376.88 
2015/11/29,373.29 
2015/11/28,358.71 
2015/11/27,358.90 
2015/11/26,353.99 
2015/11/25,329.85 
2015/11/24,320.10 
2015/11/23,323.63 
2015/11/22,324.66 
2015/11/21,327.55 
2015/11/20,322.20 
2015/11/19,326.50 
2015/11/18,335.95 
2015/11/17,336.29 
2015/11/16,332.14 
2015/11/15,321.07 
2015/11/14,333.40 
2015/11/13,338.54 
2015/11/12,336.57 
2015/11/11,314.00 
2015/11/10,340.20 
2015/11/9,381.01 
2015/11/8,374.00 
2015/11/7,384.61 
2015/11/6,375.56 
2015/11/5,387.96 
2015/11/4,409.24 
2015/11/3,405.29 
2015/11/2,365.00 
2015/11/1,330.69 
2015/10/31,316.00 
2015/10/30,328.19 
2015/10/29,314.88 
2015/10/28,304.50 
2015/10/27,295.17 
2015/10/26,287.22 
2015/10/25,284.79 
2015/10/24,284.19 
2015/10/23,279.21 
2015/10/22,275.83 
2015/10/21,267.80 
2015/10/20,270.97 
2015/10/19,265.05 
2015/10/18,265.04 
2015/10/17,272.94 
2015/10/16,263.47 
2015/10/15,255.19 
2015/10/14,253.54 
2015/10/13,251.25 
2015/10/12,246.09 
2015/10/11,247.92 
2015/10/10,246.01 
2015/10/9,244.82 
2015/10/8,242.97 
2015/10/7,244.20 
2015/10/6,247.36 
2015/10/5,242.01 
2015/10/4,239.50 
2015/10/3,239.79 
2015/10/2,237.86 
2015/10/1,238.48 
2015/9/30,236.49 
2015/9/29,236.80 
2015/9/28,240.43 
2015/9/27,233.37 
2015/9/26,234.63 
2015/9/25,235.26 
2015/9/24,234.65 
2015/9/23,230.54 
2015/9/22,231.27 
2015/9/21,227.22 
2015/9/20,232.12 
2015/9/19,232.09 
2015/9/18,233.78 
2015/9/17,233.61 
2015/9/16,228.99 
2015/9/15,230.93 
2015/9/14,230.89 
2015/9/13,230.96 
2015/9/12,235.77 
2015/9/11,240.60 
2015/9/10,239.49 
2015/9/9,238.95 
2015/9/8,244.20 
2015/9/7,240.85 
2015/9/6,240.97 
2015/9/5,235.84 
2015/9/4,230.89 
2015/9/3,227.25 
2015/9/2,229.71 
2015/9/1,228.24 
2015/8/31,231.35 
2015/8/30,229.99 
2015/8/29,230.75 
2015/8/28,231.83 
2015/8/27,225.80 
2015/8/26,226.21 
2015/8/25,222.66 
2015/8/24,210.50 
2015/8/23,228.53 
2015/8/22,230.27 
2015/8/21,232.17 
2015/8/20,235.54 
2015/8/19,226.24 
2015/8/18,183.01 
2015/8/17,258.49 
2015/8/16,259.90 
2015/8/15,262.14 
2015/8/14,266.09 
2015/8/13,264.47 
2015/8/12,267.09 
2015/8/11,271.96 
2015/8/10,265.10 
2015/8/9,265.58 
2015/8/8,261.34 
2015/8/7,280.12 
2015/8/6,279.08 
2015/8/5,282.61 
2015/8/4,285.47 
2015/8/3,281.27 
2015/8/2,282.49 
2015/8/1,280.33 
2015/7/31,284.45 
2015/7/30,288.21 
2015/7/29,289.92 
2015/7/28,295.23 
2015/7/27,294.84 
2015/7/26,293.01 
2015/7/25,289.36 
2015/7/24,288.60 
2015/7/23,276.51 
2015/7/22,277.99 
2015/7/21,275.78 
2015/7/20,280.31 
2015/7/19,275.03 
2015/7/18,277.25 
2015/7/17,279.85 
2015/7/16,278.93 
2015/7/15,285.44 
2015/7/14,286.87 
2015/7/13,292.65 
2015/7/12,311.12 
2015/7/10,286.70 
2015/7/9,269.22 
2015/7/8,270.83 
2015/7/7,265.51 
2015/7/6,274.83 
2015/7/5,265.20 
2015/7/4,260.58 
2015/7/3,256.05 
2015/7/2,254.52 
2015/7/1,258.10 
2015/6/30,262.89 
2015/6/29,256.69 
2015/6/28,248.72 
2015/6/27,251.61 
2015/6/26,243.29 
2015/6/25,242.05 
2015/6/24,239.80 
2015/6/23,244.25 
2015/6/22,246.67 
2015/6/21,244.25 
2015/6/20,245.38 
2015/6/19,244.58 
2015/6/18,249.51 
2015/6/17,248.95 
2015/6/16,252.08 
2015/6/15,236.98 
2015/6/14,233.54 
2015/6/13,232.87 
2015/6/12,229.44 
2015/6/11,229.82 
2015/6/10,228.60 
2015/6/9,229.05 
2015/6/8,228.76 
2015/6/7,223.26 
2015/6/6,225.65 
2015/6/5,224.51 
2015/6/4,223.24 
2015/6/3,225.11 
2015/6/2,224.68 
2015/6/1,222.00 
2015/5/31,228.70 
2015/5/30,232.54 
2015/5/29,236.52 
2015/5/28,236.86 
2015/5/27,236.85 
2015/5/26,237.36 
2015/5/25,237.10 
2015/5/24,240.95 
2015/5/23,238.81 
2015/5/22,240.97 
2015/5/21,235.27 
2015/5/20,234.24 
2015/5/19,231.70 
2015/5/18,232.82 
2015/5/17,236.22 
2015/5/16,235.70 
2015/5/15,237.30 
2015/5/14,236.68 
2015/5/13,235.80 
2015/5/12,241.78 
2015/5/11,242.47 
2015/5/10,240.57 
2015/5/9,242.54 
2015/5/8,244.50 
2015/5/7,237.29 
2015/5/6,229.27 
2015/5/5,235.87 
2015/5/4,238.54 
2015/5/3,240.70 
2015/5/2,234.81 
2015/5/1,231.78 
2015/4/30,236.11 
2015/4/29,225.23 
2015/4/28,225.30 
2015/4/27,227.68 
2015/4/26,219.70 
2015/4/25,226.10 
2015/4/24,231.38 
2015/4/23,236.01 
2015/4/22,234.14 
2015/4/21,235.80 
2015/4/20,224.21 
2015/4/19,222.21 
2015/4/18,223.08 
2015/4/17,222.40 
2015/4/16,228.47 
2015/4/15,223.98 
2015/4/14,220.19 
2015/4/13,225.00 
2015/4/12,236.38 
2015/4/11,236.86 
2015/4/10,236.12 
2015/4/9,243.58 
2015/4/8,244.92 
2015/4/7,253.71 
2015/4/6,255.61 
2015/4/5,260.50 
2015/4/4,253.60 
2015/4/3,254.23 
2015/4/2,253.23 
2015/4/1,246.93 
2015/3/31,244.33 
2015/3/30,247.93 
2015/3/29,242.44 
2015/3/28,252.95 
2015/3/27,246.50 
2015/3/26,249.19 
2015/3/25,245.92 
2015/3/24,246.00 
2015/3/23,267.23 
2015/3/22,268.82 
2015/3/21,260.47 
2015/3/20,262.19 
2015/3/19,261.86 
2015/3/18,257.30 
2015/3/17,285.25 
2015/3/16,291.22 
2015/3/15,286.90 
2015/3/14,282.60 
2015/3/13,283.28 
2015/3/12,295.56 
2015/3/11,296.70 
2015/3/10,292.70 
2015/3/9,291.03 
2015/3/8,275.59 
2015/3/7,276.97 
2015/3/6,273.20 
2015/3/5,277.69 
2015/3/4,273.33 
2015/3/3,283.75 
2015/3/2,277.30 
2015/3/1,262.40 
2015/2/28,255.70 
2015/2/27,254.96 
2015/2/26,236.93 
2015/2/25,237.99 
2015/2/24,239.73 
2015/2/23,239.40 
2015/2/22,236.50 
2015/2/21,245.55 
2015/2/20,244.50 
2015/2/19,240.20 
2015/2/18,236.30 
2015/2/17,244.00 
2015/2/16,233.60 
2015/2/15,235.88 
2015/2/14,257.20 
2015/2/13,236.06 
2015/2/12,222.37 
2015/2/11,219.79 
2015/2/10,220.87 
2015/2/9,221.10 
2015/2/8,223.99 
2015/2/7,229.00 
2015/2/6,223.20 
2015/2/5,216.76 
2015/2/4,227.11 
2015/2/3,228.58 
2015/2/2,237.83 
2015/2/1,228.99 
2015/1/31,218.45 
2015/1/30,229.07 
2015/1/29,235.03 
2015/1/28,236.09 
2015/1/27,263.65 
2015/1/26,274.48 
2015/1/25,254.53 
2015/1/24,240.00 
2015/1/23,235.00 
2015/1/22,226.32 
2015/1/21,225.51 
2015/1/20,218.00 
2015/1/19,213.21 
2015/1/18,209.85 
2015/1/17,201.23 
2015/1/16,206.68 
2015/1/15,217.72 
2015/1/14,183.16 
2015/1/13,229.84 
2015/1/12,267.62 
2015/1/11,266.19 
2015/1/10,275.04 
2015/1/9,292.83 
2015/1/8,285.64 
2015/1/7,297.00 
2015/1/6,285.39 
2015/1/5,273.20 
2015/1/4,258.78 
2015/1/3,281.99 
2015/1/2,315.11 
2015/1/1,313.85 
2014/12/31,317.00 
2014/12/30,308.79 
2014/12/29,311.92 
2014/12/28,317.53 
2014/12/27,315.91 
2014/12/26,328.49 
2014/12/25,319.00 
2014/12/24,322.79 
2014/12/23,332.91 
2014/12/22,329.02 
2014/12/21,317.21 
2014/12/20,329.07 
2014/12/19,315.74 
2014/12/18,308.26 
2014/12/17,318.19 
2014/12/16,330.61 
2014/12/15,347.19 
2014/12/14,352.67 
2014/12/13,350.88 
2014/12/12,352.84 
2014/12/11,350.04 
2014/12/10,346.92 
2014/12/9,353.85 
2014/12/8,363.31 
2014/12/7,374.43 
2014/12/6,372.77 
2014/12/5,378.39 
2014/12/4,370.26 
2014/12/3,375.74 
2014/12/2,382.01 
2014/12/1,377.60 
2014/11/30,376.72 
2014/11/29,374.49 
2014/11/28,375.57 
2014/11/27,369.57 
2014/11/26,367.87 
2014/11/25,375.82 
2014/11/24,373.15 
2014/11/23,360.57 
2014/11/22,346.35 
2014/11/21,349.33 
2014/11/20,355.88 
2014/11/19,379.16 
2014/11/18,370.00 
2014/11/17,387.56 
2014/11/16,388.21 
2014/11/15,376.51 
2014/11/14,399.07 
2014/11/13,419.42 
2014/11/12,417.87 
2014/11/11,367.00 
2014/11/10,367.97 
2014/11/9,360.00 
2014/11/8,344.99 
2014/11/7,341.50 
2014/11/6,348.50 
2014/11/5,337.55 
2014/11/4,326.90 
2014/11/3,323.56 
2014/11/2,322.50 
2014/11/1,327.18 
2014/10/31,337.00 
2014/10/30,343.85 
2014/10/29,333.20 
2014/10/28,353.10 
2014/10/27,350.65 
2014/10/26,349.99 
2014/10/25,347.41 
2014/10/24,356.15 
2014/10/23,355.98 
2014/10/22,379.96 
2014/10/21,382.84 
2014/10/20,380.98 
2014/10/19,386.25 
2014/10/18,390.00 
2014/10/17,380.25 
2014/10/16,379.29 
2014/10/15,393.46 
2014/10/14,397.94 
2014/10/13,383.35 
2014/10/12,372.03 
2014/10/11,361.27 
2014/10/10,359.51 
2014/10/9,363.45 
2014/10/8,350.04 
2014/10/7,330.97 
2014/10/6,323.84 
2014/10/5,322.45 
2014/10/4,328.66 
2014/10/3,357.69 
2014/10/2,371.74 
2014/10/1,383.00 
2014/9/30,387.14 
2014/9/29,369.60 
2014/9/28,374.71 
2014/9/27,397.25 
2014/9/26,402.97 
2014/9/25,409.09 
2014/9/24,420.41 
2014/9/23,429.13 
2014/9/22,397.67 
2014/9/21,400.69 
2014/9/20,411.59 
2014/9/19,395.27 
2014/9/18,427.18 
2014/9/17,456.77 
2014/9/16,465.13 
2014/9/15,469.90 
2014/9/14,476.49 
2014/9/13,478.10 
2014/9/12,471.81 
2014/9/11,477.09 
2014/9/10,477.33 
2014/9/9,472.66 
2014/9/8,470.43 
2014/9/7,479.73 
2014/9/6,481.32 
2014/9/5,477.59 
2014/9/4,489.20 
2014/9/3,474.04 
2014/9/2,476.79 
2014/9/1,485.83 
2014/8/31,483.37 
2014/8/30,499.00 
2014/8/29,507.52 
2014/8/28,507.75 
2014/8/27,510.99 
2014/8/26,508.43 
2014/8/25,502.50 
2014/8/24,507.30 
2014/8/23,500.15 
2014/8/22,515.57 
2014/8/21,515.87 
2014/8/20,516.98 
2014/8/19,490.30 
2014/8/18,478.20 
2014/8/17,501.32 
2014/8/16,527.17 
2014/8/15,506.23 
2014/8/14,510.00 
2014/8/13,549.00 
2014/8/12,566.00 
2014/8/11,572.50 
2014/8/10,580.00 
2014/8/9,583.30 
2014/8/8,586.41 
2014/8/7,582.25 
2014/8/6,577.50 
2014/8/5,574.95 
2014/8/4,581.11 
2014/8/3,582.06 
2014/8/2,587.75 
2014/8/1,594.92 
2014/7/31,579.04 
2014/7/30,551.00 
2014/7/29,575.00 
2014/7/28,586.38 
2014/7/27,590.50 
2014/7/26,594.00 
2014/7/25,598.00 
2014/7/24,600.31 
2014/7/23,617.21 
2014/7/22,612.59 
2014/7/21,619.79 
2014/7/20,618.91 
2014/7/19,625.25 
2014/7/18,627.46 
2014/7/17,627.60 
2014/7/16,621.04 
2014/7/15,620.87 
2014/7/14,622.40 
2014/7/13,624.00 
2014/7/12,626.00 
2014/7/11,625.50 
2014/7/10,610.00 
2014/7/9,620.24 
2014/7/8,618.50 
2014/7/7,624.00 
2014/7/6,633.25 
2014/7/5,630.00 
2014/7/4,632.24 
2014/7/3,643.62 
2014/7/2,647.90 
2014/7/1,650.77 
2014/6/30,640.01 
2014/6/29,603.65 
2014/6/28,600.10 
2014/6/27,606.18 
2014/6/26,577.90 
2014/6/25,568.07 
2014/6/24,587.28 
2014/6/23,599.25 
2014/6/22,607.80 
2014/6/21,601.61 
2014/6/20,601.00 
2014/6/19,602.00 
2014/6/18,611.50 
2014/6/17,614.25 
2014/6/16,580.00 
2014/6/15,571.00 
2014/6/14,554.37 
2014/6/13,582.59 
2014/6/12,590.01 
2014/6/11,637.10 
2014/6/10,653.64 
2014/6/9,653.73 
2014/6/8,662.35 
2014/6/7,663.00 
2014/6/6,655.00 
2014/6/5,663.25 
2014/6/4,652.29 
2014/6/3,682.88 
2014/6/2,669.50 
2014/6/1,646.50 
2014/5/31,635.60 
2014/5/30,629.00 
2014/5/29,572.99 
2014/5/28,577.01 
2014/5/27,570.00 
2014/5/26,575.00 
2014/5/25,566.15 
2014/5/24,502.30 
2014/5/23,509.55 
2014/5/22,502.30 
2014/5/21,477.65 
2014/5/20,475.95 
2014/5/19,438.97 
2014/5/18,438.75 
2014/5/17,441.97 
2014/5/16,442.28 
2014/5/15,441.99 
2014/5/14,444.00 
2014/5/13,437.25 
2014/5/12,440.00 
2014/5/11,432.00 
2014/5/10,451.10 
2014/5/9,446.00 
2014/5/8,442.80 
2014/5/7,438.00 
2014/5/6,430.00 
2014/5/5,427.01 
2014/5/4,430.87 
2014/5/3,440.54 
2014/5/2,453.50 
2014/5/1,459.00 
2014/4/30,448.27 
2014/4/29,434.00 
2014/4/28,448.00 
2014/4/27,441.45 
2014/4/26,459.00 
2014/4/25,460.00 
2014/4/24,497.50 
2014/4/23,490.21 
2014/4/22,488.00 
2014/4/21,497.00 
2014/4/20,512.45 
2014/4/19,505.00 
2014/4/18,490.54 
2014/4/17,500.71 
2014/4/16,522.25 
2014/4/15,515.00 
2014/4/14,459.00 
2014/4/13,404.22 
2014/4/12,415.00 
2014/4/11,416.26 
2014/4/10,370.00 
2014/4/9,442.50 
2014/4/8,448.75 
2014/4/7,454.20 
2014/4/6,453.69 
2014/4/5,460.80 
2014/4/4,449.99 
2014/4/3,448.78 
2014/4/2,443.33 
2014/4/1,482.83 
2014/3/31,452.00 
2014/3/30,464.10 
2014/3/29,491.92 
2014/3/28,497.44 
2014/3/27,498.53 
2014/3/26,595.00 
2014/3/25,582.01 
2014/3/24,590.00 
2014/3/23,566.20 
2014/3/22,560.00 
2014/3/21,568.80 
2014/3/20,583.48 
2014/3/19,611.00 
2014/3/18,618.37 
2014/3/17,624.33 
2014/3/16,635.01 
2014/3/15,641.64 
2014/3/14,630.00 
2014/3/13,641.99 
2014/3/12,650.00 
2014/3/11,615.00 
2014/3/10,615.00 
2014/3/9,621.00 
2014/3/8,614.14 
2014/3/7,621.00 
2014/3/6,663.00 
2014/3/5,675.00 
2014/3/4,668.00 
2014/3/3,658.00 
2014/3/2,560.62 
2014/3/1,568.21 
2014/2/28,565.00 
2014/2/27,579.00 
2014/2/26,582.00 
2014/2/25,515.00 
2014/2/24,562.43 
2014/2/23,619.00 
2014/2/22,595.22 
2014/2/21,568.00 
2014/2/20,578.88 
2014/2/19,630.41 
2014/2/18,628.00 
2014/2/17,663.85 
2014/2/16,608.00 
2014/2/15,653.38 
2014/2/14,682.00 
2014/2/13,634.26 
2014/2/12,685.00 
2014/2/11,658.87 
2014/2/10,706.32 
2014/2/9,710.00 
2014/2/8,690.00 
2014/2/7,720.00 
2014/2/6,771.55 
2014/2/5,791.00 
2014/2/4,813.00 
2014/2/3,810.00 
2014/2/1,814.65 
2014/1/31,800.00 
2014/1/30,803.95 
2014/1/29,800.00 
2014/1/28,795.00 
2014/1/27,760.29 
2014/1/26,809.65 
2014/1/25,810.00 
2014/1/24,781.87 
2014/1/23,816.21 
2014/1/22,807.00 
2014/1/21,810.00 
2014/1/20,823.35 
2014/1/19,830.00 
2014/1/18,800.00 
2014/1/17,789.00 
2014/1/16,824.00 
2014/1/15,839.73 
2014/1/14,826.85 
2014/1/13,818.40 
2014/1/12,888.10 
2014/1/11,896.88 
2014/1/10,834.75 
2014/1/9,850.00 
2014/1/8,828.54 
2014/1/7,791.00 
2014/1/6,934.55 
2014/1/5,904.00 
2014/1/4,801.84 
2014/1/3,812.05 
2014/1/2,775.00 
2014/1/1,740.30 
2013/12/31,727.71 
2013/12/30,737.24 
2013/12/29,714.29 
2013/12/28,701.00 
2013/12/27,718.89 
2013/12/26,740.00 
2013/12/24,647.33 
2013/12/23,640.37 
2013/12/22,622.10 
2013/12/21,607.68 
2013/12/20,599.00 
2013/12/19,702.03 
2013/12/18,551.38 
2013/12/17,731.94 
2013/12/16,704.77 
2013/12/15,864.87 
2013/12/14,897.95 
2013/12/13,912.55 
2013/12/12,900.53 
2013/12/11,921.78 
2013/12/10,1023.00 
2013/12/9,935.79 
2013/12/8,730.00 
2013/12/7,800.57 
2013/12/6,872.56 
2013/12/5,1030.58 
2013/12/4,1145.00 
2013/12/3,1047.98 
2013/12/2,998.07 
2013/12/1,955.00 
2013/11/30,1112.35 
2013/11/29,1107.51 
2013/11/28,1010.00 
2013/11/27,948.00 
2013/11/26,849.57 
2013/11/25,782.77 
2013/11/24,813.72 
2013/11/23,842.20 
2013/11/22,760.00 
2013/11/21,700.00 
2013/11/20,550.00 
2013/11/19,599.00 
2013/11/18,585.16 
2013/11/17,473.27 
2013/11/16,435.27 
2013/11/15,400.00 
2013/11/14,418.00 
2013/11/13,387.73 
2013/11/12,350.16 
2013/11/11,338.57 
2013/11/10,311.90 
2013/11/9,336.14 
2013/11/8,323.77 
2013/11/7,283.30 
2013/11/6,253.69 
2013/11/5,239.29 
2013/11/4,225.20 
2013/11/3,207.63 
2013/11/2,200.85 
2013/11/1,198.51 
2013/10/31,198.23 
2013/10/30,194.55 
2013/10/29,198.19 
2013/10/28,187.87 
2013/10/27,185.69 
2013/10/26,175.90 
2013/10/25,178.12 
2013/10/24,183.15 
2013/10/23,200.62 
2013/10/22,183.86 
2013/10/21,174.18 
2013/10/20,163.06 
2013/10/19,159.81 
2013/10/18,149.59 
2013/10/17,142.73 
2013/10/16,137.42 
2013/10/15,138.64 
2013/10/14,133.04 
2013/10/13,130.42 
2013/10/12,126.52 
2013/10/11,125.51 
2013/10/10,125.70 
2013/10/9,125.84 
2013/10/8,124.32 
2013/10/7,123.24 
2013/10/6,121.68 
2013/10/5,121.14 
2013/10/4,121.29 
2013/10/3,116.82 
2013/10/2,99.81 
2013/10/1,125.49 
2013/9/30,123.10 
2013/9/29,125.18 
2013/9/28,124.75 
2013/9/27,123.50 
2013/9/26,123.48 
2013/9/25,123.42 
2013/9/24,122.54 
2013/9/23,122.22 
2013/9/22,122.65 
2013/9/21,122.64 
2013/9/20,122.90 
2013/9/19,124.19 
2013/9/18,126.30 
2013/9/17,125.97 
2013/9/16,125.06 
2013/9/15,124.58 
2013/9/14,124.08 
2013/9/13,126.51 
2013/9/12,125.76 
2013/9/11,125.45 
2013/9/10,121.46 
2013/9/9,120.02 
2013/9/8,116.59 
2013/9/7,119.05 
2013/9/6,116.32 
2013/9/5,120.53 
2013/9/4,120.57 
2013/9/3,127.59 
2013/9/2,127.36 
2013/9/1,128.26 
2013/8/31,129.46 
2013/8/30,123.23 
2013/8/29,117.52 
2013/8/28,117.59 
2013/8/27,117.45 
2013/8/26,112.23 
2013/8/25,111.79 
2013/8/24,108.69 
2013/8/23,107.55 
2013/8/22,109.73 
2013/8/21,111.44 
2013/8/20,105.01 
2013/8/19,102.30 
2013/8/18,98.84 
2013/8/17,99.56 
2013/8/16,98.33 
2013/8/15,97.54 
2013/8/14,97.96 
2013/8/13,97.90 
2013/8/12,95.08 
2013/8/11,94.16 
2013/8/10,93.29 
2013/8/9,93.36 
2013/8/8,94.77 
2013/8/7,96.92 
2013/8/6,97.13 
2013/8/5,96.92 
2013/8/4,96.60 
2013/8/3,96.66 
2013/8/2,97.24 
2013/8/1,96.42 
2013/7/31,97.91 
2013/7/30,96.31 
2013/7/29,93.30 
2013/7/28,92.10 
2013/7/27,89.10 
2013/7/26,90.63 
2013/7/25,89.41 
2013/7/24,87.46 
2013/7/23,86.94 
2013/7/22,86.09 
2013/7/21,85.47 
2013/7/20,85.67 
2013/7/19,85.78 
2013/7/18,85.43 
2013/7/17,90.54 
2013/7/16,92.74 
2013/7/15,93.14 
2013/7/14,90.37 
2013/7/13,91.39 
2013/7/12,88.46 
2013/7/11,91.22 
2013/7/10,84.51 
2013/7/9,74.22 
2013/7/8,74.56 
2013/7/7,72.51 
2013/7/6,66.85 
2013/7/5,66.34 
2013/7/4,77.68 
2013/7/3,76.89 
2013/7/2,87.66 
2013/7/1,84.61 
2013/6/30,97.51 
2013/6/29,95.00 
2013/6/28,94.66 
2013/6/27,101.74 
2013/6/26,104.00 
2013/6/25,103.33 
2013/6/24,102.09 
2013/6/23,107.90 
2013/6/22,108.20 
2013/6/21,109.50 
2013/6/20,111.29 
2013/6/19,108.25 
2013/6/18,107.35 
2013/6/17,101.95 
2013/6/16,99.90 
2013/6/15,99.80 
2013/6/14,100.00 
2013/6/13,103.95 
2013/6/12,108.78 
2013/6/11,109.00 
2013/6/10,106.35 
2013/6/9,100.44 
2013/6/8,107.89 
2013/6/7,111.00 
2013/6/6,118.97 
2013/6/5,121.90 
2013/6/4,121.40 
2013/6/3,120.74 
2013/6/2,122.50 
2013/6/1,129.30 
2013/5/31,128.82 
2013/5/30,128.80 
2013/5/29,132.25 
2013/5/28,129.00 
2013/5/27,129.77 
2013/5/26,133.50 
2013/5/25,131.99 
2013/5/24,133.10 
2013/5/23,126.30 
2013/5/22,123.80 
2013/5/21,122.89 
2013/5/20,122.02 
2013/5/19,122.50 
2013/5/18,123.21 
2013/5/17,123.50 
2013/5/16,118.21 
2013/5/15,114.22 
2013/5/14,111.40 
2013/5/13,117.98 
2013/5/12,114.82 
2013/5/11,115.64 
2013/5/10,117.70 
2013/5/9,112.80 
2013/5/8,113.20 
2013/5/7,109.60 
2013/5/6,112.25 
2013/5/5,115.98 
2013/5/4,112.90 
2013/5/3,98.10 
2013/5/2,106.25 
2013/5/1,116.38 
2013/4/30,139.23 
2013/4/29,144.00 
2013/4/28,134.44 
2013/4/27,128.00 
2013/4/26,136.90 
2013/4/25,141.71 
2013/4/24,154.20 
2013/4/23,143.47 
2013/4/22,127.40 
2013/4/21,119.20 
2013/4/20,126.62 
2013/4/19,118.48 
2013/4/18,109.01 
2013/4/17,93.07 
2013/4/16,68.36 
2013/4/15,82.39 
2013/4/14,90.00 
2013/4/13,93.00 
2013/4/12,117.00 
2013/4/11,124.90 
2013/4/10,165.00 
2013/4/9,230.00 
2013/4/8,187.50 
2013/4/7,162.30 
2013/4/6,142.63 
2013/4/5,142.32 
2013/4/4,132.12 
2013/4/3,135.00 
2013/4/2,117.98 
2013/4/1,104.00 
2013/3/31,93.03 
2013/3/30,92.19 
2013/3/29,90.50 
2013/3/28,86.18 
2013/3/27,88.92 
2013/3/26,78.50 
2013/3/25,73.60 
2013/3/24,71.50 
2013/3/23,64.35 
2013/3/22,69.86 
2013/3/21,70.85 
2013/3/20,64.49 
2013/3/19,59.14 
2013/3/18,51.60 
2013/3/17,47.40 
2013/3/16,47.00 
2013/3/15,46.95 
2013/3/14,47.17 
2013/3/13,46.92 
2013/3/12,44.29 
2013/3/11,48.40 
2013/3/10,46.00 
2013/3/9,46.85 
2013/3/8,44.18 
2013/3/7,42.00 
2013/3/6,41.02 
2013/3/5,40.33 
2013/3/4,36.15 
2013/3/3,34.50 
2013/3/2,34.25 
2013/3/1,34.50 
2013/2/28,33.38 
2013/2/27,30.90 
2013/2/26,31.10 
2013/2/25,30.40 
2013/2/24,29.89 
2013/2/23,29.80 
2013/2/22,30.25 
2013/2/21,29.75 
2013/2/20,29.64 
2013/2/19,29.42 
2013/2/18,26.95 
2013/2/17,26.81 
2013/2/16,27.22 
2013/2/15,27.10 
2013/2/14,27.22 
2013/2/13,24.20 
2013/2/12,25.17 
2013/2/11,24.65 
2013/2/10,23.97 
2013/2/9,23.65 
2013/2/8,22.66 
2013/2/7,22.15 
2013/2/6,21.18 
2013/2/5,20.60 
2013/2/4,20.43 
2013/2/3,20.59 
2013/2/2,19.63 
2013/2/1,20.50 
2013/1/31,20.41 
2013/1/30,19.70 
2013/1/29,19.53 
2013/1/28,18.72 
2013/1/27,17.82 
2013/1/26,17.88 
2013/1/25,17.40 
2013/1/24,16.90 
2013/1/23,17.50 
2013/1/22,17.26 
2013/1/21,16.80 
2013/1/20,15.70 
2013/1/19,15.61 
2013/1/18,15.70 
2013/1/17,15.50 
2013/1/16,14.73 
2013/1/15,14.25 
2013/1/14,14.30 
2013/1/13,14.12 
2013/1/12,14.24 
2013/1/11,14.14 
2013/1/10,14.14 
2013/1/9,13.77 
2013/1/8,13.74 
2013/1/7,13.59 
2013/1/6,13.45 
2013/1/5,13.44 
2013/1/4,13.50 
2013/1/3,13.40 
2013/1/2,13.28 
2013/1/1,13.30 
2012/12/31,13.51 
2012/12/30,13.45 
2012/12/29,13.40 
2012/12/28,13.42 
2012/12/27,13.42 
2012/12/26,13.47 
2012/12/25,13.35 
2012/12/24,13.38 
2012/12/23,13.31 
2012/12/22,13.37 
2012/12/21,13.50 
2012/12/20,13.52 
2012/12/19,13.60 
2012/12/18,13.30 
2012/12/17,13.25 
2012/12/16,13.30 
2012/12/15,13.49 
2012/12/14,13.60 
2012/12/13,13.70 
2012/12/12,13.70 
2012/12/11,13.56 
2012/12/10,13.43 
2012/12/9,13.39 
2012/12/8,13.42 
2012/12/7,13.50 
2012/12/6,13.30 
2012/12/5,13.38 
2012/12/4,13.41 
2012/12/3,12.68 
2012/12/2,12.50 
2012/12/1,12.56 
2012/11/30,12.56 
2012/11/29,12.45 
2012/11/28,12.35 
2012/11/27,12.20 
2012/11/26,12.25 
2012/11/25,12.48 
2012/11/24,12.41 
2012/11/23,12.34 
2012/11/22,12.42 
2012/11/21,11.77 
2012/11/20,11.73 
2012/11/19,11.80 
2012/11/18,11.65 
2012/11/17,11.79 
2012/11/16,11.75 
2012/11/15,11.20 
2012/11/14,10.95 
2012/11/13,10.95 
2012/11/12,11.01 
2012/11/11,10.87 
2012/11/10,10.89 
2012/11/9,10.81 
2012/11/8,10.92 
2012/11/7,10.92 
2012/11/6,10.90 
2012/11/5,10.75 
2012/11/4,10.80 
2012/11/3,10.64 
2012/11/2,10.47 
2012/11/1,10.57 
2012/10/31,11.20 
2012/10/30,10.89 
2012/10/29,10.60 
2012/10/28,10.70 
2012/10/27,10.26 
2012/10/26,10.17 
2012/10/25,10.86 
2012/10/24,11.65 
2012/10/23,11.65 
2012/10/22,11.71 
2012/10/21,11.63 
2012/10/20,11.74 
2012/10/19,11.74 
2012/10/18,11.94 
2012/10/17,11.81 
2012/10/16,11.85 
2012/10/15,11.84 
2012/10/14,11.74 
2012/10/13,11.86 
2012/10/12,12.00 
2012/10/11,12.03 
2012/10/10,12.12 
2012/10/9,11.89 
2012/10/8,11.78 
2012/10/7,11.80 
2012/10/6,12.50 
2012/10/5,12.69 
2012/10/4,12.85 
2012/10/3,12.89 
2012/10/2,12.84 
2012/10/1,12.40 
2012/9/30,12.40 
2012/9/29,12.36 
2012/9/28,12.39 
2012/9/27,12.31 
2012/9/26,12.27 
2012/9/25,12.20 
2012/9/24,12.10 
2012/9/23,12.19 
2012/9/22,12.24 
2012/9/21,12.37 
2012/9/20,12.28 
2012/9/19,12.57 
2012/9/18,12.25 
2012/9/17,11.89 
2012/9/16,11.87 
2012/9/15,11.75 
2012/9/14,11.67 
2012/9/13,11.40 
2012/9/12,11.36 
2012/9/11,11.33 
2012/9/10,11.17 
2012/9/9,11.02 
2012/9/8,11.04 
2012/9/7,11.00 
2012/9/6,11.18 
2012/9/5,11.00 
2012/9/4,10.38 
2012/9/3,10.53 
2012/9/2,10.20 
2012/9/1,9.97 
2012/8/31,10.16 
2012/8/30,10.78 
2012/8/29,10.92 
2012/8/28,10.94 
2012/8/27,10.95 
2012/8/26,10.61 
2012/8/25,10.52 
2012/8/24,10.60 
2012/8/23,10.10 
2012/8/22,9.81 
2012/8/21,9.91 
2012/8/20,10.10 
2012/8/19,8.00 
2012/8/18,11.61 
2012/8/17,11.58 
2012/8/16,13.50 
2012/8/15,13.25 
2012/8/14,12.19 
2012/8/13,12.04 
2012/8/12,11.62 
2012/8/11,11.51 
2012/8/10,11.39 
2012/8/9,11.06 
2012/8/8,11.06 
2012/8/7,11.10 
2012/8/6,10.86 
2012/8/5,10.87 
2012/8/4,10.98 
2012/8/3,10.97 
2012/8/2,10.53 
2012/8/1,9.55 
2012/7/31,9.35 
2012/7/30,9.10 
2012/7/29,8.71 
2012/7/28,8.89 
2012/7/27,8.90 
2012/7/26,8.90 
2012/7/25,8.80 
2012/7/24,8.60 
2012/7/23,8.45 
2012/7/22,8.41 
2012/7/21,8.85 
2012/7/20,8.52 
2012/7/19,8.87 
2012/7/18,9.11 
2012/7/17,8.80 
2012/7/16,8.50 
2012/7/15,7.62 
2012/7/14,7.54 
2012/7/13,7.67 
2012/7/12,7.76 
2012/7/11,7.15 
2012/7/10,7.20 
2012/7/9,7.02 
2012/7/8,6.80 
2012/7/7,6.76 
2012/7/6,6.65 
2012/7/5,6.67 
2012/7/4,6.51 
2012/7/3,6.45 
2012/7/2,6.76 
2012/7/1,6.63 
2012/6/30,6.69 
2012/6/29,6.65 
2012/6/28,6.61 
2012/6/27,6.65 
2012/6/26,6.42 
2012/6/25,6.30 
2012/6/24,6.35 
2012/6/23,6.43 
2012/6/22,6.55 
2012/6/21,6.68 
2012/6/20,6.67 
2012/6/19,6.50 
2012/6/18,6.31 
2012/6/17,6.16 
2012/6/16,6.40 
2012/6/15,6.50 
2012/6/14,5.95 
2012/6/13,5.93 
2012/6/12,5.70 
2012/6/11,5.57 
2012/6/10,5.47 
2012/6/9,5.56 
2012/6/8,5.63 
2012/6/7,5.59 
2012/6/6,5.46 
2012/6/5,5.44 
2012/6/4,5.27 
2012/6/3,5.21 
2012/6/2,5.25 
2012/6/1,5.27 
2012/5/31,5.18 
2012/5/30,5.13 
2012/5/29,5.15 
2012/5/28,5.14 
2012/5/27,5.14 
2012/5/26,5.10 
2012/5/25,5.15 
2012/5/24,5.12 
2012/5/23,5.14 
2012/5/22,5.10 
2012/5/21,5.10 
2012/5/20,5.09 
2012/5/19,5.10 
2012/5/18,5.12 
2012/5/17,5.10 
2012/5/16,5.09 
2012/5/15,5.03 
2012/5/14,5.01 
2012/5/13,4.93 
2012/5/12,4.95 
2012/5/11,4.96 
2012/5/10,4.85 
2012/5/9,5.04 
2012/5/8,5.05 
2012/5/7,5.06 
2012/5/6,5.05 
2012/5/5,5.08 
2012/5/4,5.07 
2012/5/3,5.13 
2012/5/2,5.07 
2012/5/1,5.00 
2012/4/30,4.95 
2012/4/29,4.90 
2012/4/28,4.98 
2012/4/27,5.11 
2012/4/26,5.10 
2012/4/25,5.13 
2012/4/24,5.10 
2012/4/23,4.96 
2012/4/22,5.20 
2012/4/21,5.26 
2012/4/20,5.35 
2012/4/19,5.14 
2012/4/18,5.12 
2012/4/17,4.98 
2012/4/16,4.93 
2012/4/15,4.97 
2012/4/14,4.96 
2012/4/13,4.94 
2012/4/12,4.92 
2012/4/11,4.93 
2012/4/10,4.84 
2012/4/9,4.87 
2012/4/8,4.79 
2012/4/7,4.69 
2012/4/6,4.95 
2012/4/5,4.92 
2012/4/4,4.91 
2012/4/3,4.95 
2012/4/2,4.97 
2012/4/1,4.83 
2012/3/31,4.91 
2012/3/30,4.86 
2012/3/29,4.81 
2012/3/28,4.79 
2012/3/27,4.81 
2012/3/26,4.62 
2012/3/25,4.55 
2012/3/24,4.68 
2012/3/23,4.69 
2012/3/22,4.70 
2012/3/21,4.81 
2012/3/20,4.84 
2012/3/19,4.69 
2012/3/18,5.28 
2012/3/17,5.22 
2012/3/16,5.34 
2012/3/15,5.33 
2012/3/14,5.38 
2012/3/13,5.27 
2012/3/12,4.89 
2012/3/11,4.91 
2012/3/10,4.83 
2012/3/9,4.86 
2012/3/8,4.93 
2012/3/7,4.94 
2012/3/6,4.99 
2012/3/5,4.98 
2012/3/4,4.82 
2012/3/3,4.61 
2012/3/2,4.70 
2012/3/1,4.92 
2012/2/29,4.86 
2012/2/28,4.87 
2012/2/27,4.96 
2012/2/26,4.92 
2012/2/25,4.77 
2012/2/24,5.03 
2012/2/23,5.01 
2012/2/22,4.42 
2012/2/21,4.27 
2012/2/20,4.36 
2012/2/19,4.39 
2012/2/18,4.22 
2012/2/17,4.41 
2012/2/16,4.27 
2012/2/15,4.33 
2012/2/14,4.46 
2012/2/13,5.26 
2012/2/12,5.51 
2012/2/11,5.60 
2012/2/10,5.91 
2012/2/9,5.83 
2012/2/8,5.60 
2012/2/7,5.69 
2012/2/6,5.45 
2012/2/5,5.69 
2012/2/4,5.87 
2012/2/3,5.96 
2012/2/2,6.10 